household_id,health_pref,price_sensitivity,eco_pref,eco_weight,current_choice
0,-0.3418666302592562,0.349939172778276,0.11764680367996452,0.794519217219604,conventional
1,0.07302381517200654,0.0,0.8347108541127259,1.1005210958206213,conventional
2,-0.6285479325193191,0.35256333657844807,-0.06860039037204663,1.2312146039697631,conventional
3,0.5652473422197339,0.21779581613748975,0.1960840489893726,1.033900695789898,conventional
4,-0.22356520005901748,0.24835701467114163,0.02090298145575964,0.9793884791403116,conventional
5,0.14057763567966214,1.0823567606772873,0.3873695804783005,1.2531199166791187,conventional
6,0.4232204006566903,0.7387402628551913,-0.42296138154972635,1.2638820540741416,conventional
7,0.2505566745854866,0.33766267660981164,1.0,1.255637310804994,conventional
8,-0.10091772708861935,0.20049066981139457,0.2498427293167383,0.8156842166394374,conventional
9,0.5980330123493545,0.6084837719335755,0.3136306393669541,1.251154361718449,conventional
10,0.1528933506049168,0.7459831612495679,0.37552084566119387,1.3767764337839554,rewetted
11,0.01751107181738945,0.15020659545919318,0.06508833489879107,1.6793573104304884,conventional
12,-0.10239338804868697,0.15877720069108367,1.0,0.8966793218119959,conventional
13,-0.2932820112608319,0.3719350215406603,0.42916403148658716,0.657487874468828,conventional
14,0.5565866558161183,0.027198463484968072,0.02339292617477723,1.2812498424534424,conventional
15,-0.10148352066175303,0.7662268778722123,0.16795061052520074,0.692881060579775,conventional
16,0.17162311110508477,0.6998116634835629,1.0,1.3552052477334877,conventional
17,-0.3526789110832755,0.3273992106862185,0.5934625588744147,1.088458127583175,conventional
18,0.09296666788796441,0.5255090731158478,0.9422771753140604,1.1272569351672908,conventional
19,0.8210553447162212,0.7728253574575394,0.28662730048079127,0.8729786896412571,conventional
20,-0.27287332547602133,0.6106294437987009,-0.2437675152847169,1.0606818089867471,conventional
21,0.23487911645027154,0.20120210829620497,0.1362554760703074,1.4181114948623799,conventional
22,-0.07509969982569592,0.6277711549731437,0.33102881082317587,0.9889064654404411,conventional
23,0.5552373663399683,0.2723279509096057,0.1885893301530563,0.4078412119805872,conventional
24,0.8418427113018159,0.4700143854813569,-0.5328598146214798,1.1652328554147204,conventional
25,0.7522923445693313,0.2571820957369201,0.7765233720571877,1.1960369238766388,conventional
26,-0.33352013646193895,0.30111680442267996,0.2723445657063235,0.9704018453334322,conventional
27,0.4315547014803901,0.38974877228652294,0.8686556944096542,1.0739060153806665,conventional
28,-0.47105603175477156,0.3941709769866652,-0.316118895034943,0.6777310429551482,conventional
29,-0.2840692115197441,0.06826811761743734,0.3775316225101798,0.28868273141672673,conventional
30,0.2938884204333876,0.297534659300109,-0.22764799677114683,0.998859643093796,conventional
31,0.3184480090866355,0.48898696147563586,0.1378520085353967,0.8577940306947099,conventional
32,0.14892207399119284,0.33373869094880876,0.07786394837761268,0.5463030387928292,conventional
33,0.23882601350379287,0.16285643098843638,0.6455652023999245,1.3108094609575849,conventional
34,0.3733299843705728,0.2969390450222903,0.4651585155481167,2.0,conventional
35,-0.20384995918050342,0.7431910926288772,-0.08005942605377298,1.3377673332605926,conventional
36,0.4169232863568102,0.25057035042920894,0.5717030264799767,0.6101175299877488,conventional
37,-0.10814976667775422,0.22389787698478453,0.09908076134631347,1.304693122173054,conventional
38,0.28673883290940944,0.08045853877963982,0.2789729201022772,0.7156116349940856,conventional
39,0.5914691273986401,0.007685724407251904,-0.26347947006650235,1.070636053274833,conventional
40,0.48728024454208396,0.18134914329398089,0.31760204261831537,0.8604059659839484,conventional
41,0.13920534793904557,0.25044618537783647,-0.018353436768641762,0.9300593126600925,conventional
42,0.003422196692450863,0.5127288471372218,0.1656682261324901,0.8691699357413785,conventional
43,0.39835755737245093,0.8254475616258086,0.7110590393128161,0.6438482579696518,conventional
44,0.5959825334575373,0.0,0.36293865376866913,0.7389311655564686,rewetted
45,0.09051753106817909,0.7228476397121135,0.08402808849448018,0.9662658440529523,conventional
46,0.3582029892705782,0.8253709740082986,1.0,0.7033795659925608,conventional
47,-0.12296426056057802,0.5096592545035866,0.15080471454692945,0.9915768671473276,conventional
48,0.4330642167886487,0.489439981687533,0.11679317476651654,1.0478709422558912,conventional
49,0.5766296324603478,0.3972141135472842,0.3871483592742144,0.726120375912455,conventional
50,-0.11582508863168312,0.38966773523538056,0.9255282748892222,0.8859997194695169,conventional
51,0.6501944830864074,0.479394056817575,-0.0058934763512890065,1.4991484766736722,conventional
52,-0.2620504124949925,0.28127091573855334,0.672204636697005,0.9344866326498674,conventional
53,-0.044289682256352575,0.718587902296629,0.550779556048836,0.59568814177638,conventional
54,-0.5713503494802477,0.5638266243738768,0.5006035633841812,1.0060451698555504,conventional
55,0.07073135305152053,0.21387358602977502,0.5562678100287871,0.935305995045672,conventional
56,0.0988154665180891,0.479832466854861,0.40915399529841195,1.457230792211306,conventional
57,0.602238103001214,0.7941302665318482,-0.07036750658105395,0.916627036146248,conventional
58,0.3990334472028316,0.49951299853453307,-0.21467793702018384,1.2277828058147005,conventional
59,-0.10134557278575645,0.07358093017185852,-0.5826916622995217,1.2638176282637434,rewetted
60,0.21919915649150445,0.15604393600641966,-0.23085439677161285,0.31221606545927594,conventional
61,-0.029513552882901778,0.022395571683726356,0.4469448593477431,1.2394330136168799,conventional
62,-0.12989432407190027,1.0754667078828992,-0.5109189459429402,0.917228332096817,conventional
63,0.432594365466444,0.8662523510597077,0.6098273575468358,1.3522983644585016,conventional
64,-0.24266322213359925,0.19470038617195498,0.9439159306888132,1.274379127680508,conventional
65,0.33466880500275176,0.12648333375671567,0.7228697149775261,0.8726898866505394,conventional
66,-0.06408647818173285,0.3204896661218952,2.0149681329129088e-05,1.0308165663082707,conventional
67,0.5855701569222134,0.5974901207669241,0.622884211382079,1.403621409553021,conventional
68,-0.08151665151131943,0.12825974408985746,0.7824086504664702,0.9854309058399381,conventional
69,-0.009724945632420323,0.32773529779818766,0.084747736002909,0.4221518009869426,conventional
70,0.10036965125756413,0.0,-0.2008918574443344,1.3819280081003227,conventional
71,0.274632716774502,0.48398243377683303,0.48545860839819965,0.8360924048768611,rewetted
72,0.5069359184520863,0.3386457089700816,0.6906167844544265,0.8906260744990685,conventional
73,0.223237086791121,0.6860877324582905,0.8090622938813952,1.1846134713269942,conventional
74,0.6956118947518151,0.1475549056295905,-0.1894220102478646,1.2558450072689193,conventional
75,0.35548621436703837,0.6203151535269285,0.38763202319085327,0.7803728414371589,conventional
76,0.25570491808587903,1.1247316291047094,0.14340524431883173,1.1561356194133452,conventional
77,0.5140492890135515,0.2016860505826368,0.05552984364246813,0.8637641838199956,conventional
78,0.5154401002156956,0.3221694934426422,0.7165937337023982,1.3404746431899182,conventional
79,0.612767377274233,0.3716754921789479,0.30885658230817103,1.174838017498775,conventional
80,0.3064313662510778,0.3419006495923332,0.08983502801490831,0.9734552591638039,conventional
81,0.5296665780939116,0.39635744819486085,0.22623375062615725,1.3101438058235528,conventional
82,0.2909738854174633,0.3944242551520139,0.4392527611003195,1.0870894413413486,conventional
83,-0.012865951774096218,0.3564358697011957,0.48544059718925925,0.9953367894713263,conventional
84,0.33616192294224445,0.23957519837142546,-0.34840740319782676,1.134487285728109,conventional
85,0.07654485799359172,0.0,0.5659119209321265,1.133383012203103,conventional
86,0.20167467348163742,0.5863906868593459,0.18114949609215802,0.8183518211705234,conventional
87,0.4019721214193429,0.5217017936521419,0.625683739729941,0.6635353018904415,conventional
88,0.014944770576355487,0.25249070997913814,0.6281288528862539,0.9041814534172915,conventional
89,-0.3134720093717814,0.22304872607845658,0.13258891020877542,1.0893966801434902,conventional
90,0.41682418224445184,0.23700475285337028,0.15601316250080688,0.7683482938547805,conventional
91,0.7942977519691057,0.5461819109253359,-0.09662982508575085,1.1858273011121518,conventional
92,-0.24697899226080278,0.8125455091534854,0.42917854906164193,1.3793843441968212,conventional
93,-0.05586245554411917,0.395159844145748,0.21012330602907345,0.8039115732333373,conventional
94,1.0,0.7995959331453077,0.12525195562933533,0.9154604870746303,conventional
95,0.07571663083440593,0.46340997546040097,0.28576888130796774,0.9608705297600016,conventional
96,-0.9442682925859549,0.4633076668933623,-0.10008048838070505,0.7862132104932187,rewetted
97,0.784511460915347,1.00042811326142,0.17796731740881286,0.6836036681099478,conventional
98,0.39589981809538677,0.576775221296163,0.33781346282435587,0.4282348875092038,rewetted
99,0.6020806789001809,1.0972365972726708,0.6157348244635021,1.1211300266675344,conventional
100,0.40267215839294446,0.759984639419421,0.4381826283262078,1.553170205584016,conventional
101,0.000647484152388772,0.0,0.06289359976696399,0.937468032959097,conventional
102,0.4717301248676749,0.24548944487501914,1.0,0.8739363228623722,conventional
103,-0.3748812041074306,0.6596673345133555,0.1903264230151746,0.46789013433209303,conventional
104,0.36338778764832047,0.4725538207340106,0.7409816751580531,1.038944461574236,conventional
105,0.18433381202609206,0.48704688115674544,0.4566092979887082,0.42000953182326495,conventional
106,0.44870446706667144,0.4067762542864797,0.5812458606927005,1.2292856905012444,conventional
107,-0.11510792233537398,0.22704224018106764,1.0,0.7981588967066888,conventional
108,0.24013603091178878,0.42185534613930076,0.6661954568603479,0.8745496408022828,rewetted
109,0.2977687967476221,0.17334000509888275,0.325316232223988,1.2805811934235098,conventional
110,0.1684812096042004,0.2601074708852759,0.7260808596418069,1.0358999831898903,conventional
111,0.022009583818357048,0.3648291011630143,0.47978416296720233,1.2769517067052418,conventional
112,0.4550357438759831,0.3690007789675063,0.3192697963203428,1.0434696985054446,conventional
113,-0.5844498471084352,0.619011261113627,0.0688242096046158,1.2072590199329358,conventional
114,-0.009948955029573575,0.4112548657382091,0.1775182994191352,1.2800017881774362,rewetted
115,-0.22699881951059636,0.14407813666621738,1.0,1.4282917551294398,conventional
116,-0.18465796315847,0.1328220310616618,0.6019629387130087,0.8511611697115856,conventional
117,1.0,0.3940587816808179,0.7541594072458289,1.2274492239335426,conventional
118,-0.046943300837241186,0.7798782766932255,0.8106424201125317,1.0717779267848793,conventional
119,0.4492740315053636,0.33314289428998495,0.664176048208607,0.6639655891159413,conventional
120,-0.04170215676781397,0.0,0.25289506951453283,0.5313619350727875,conventional
121,0.23304509506545193,0.38140288563276686,-0.043763472371222245,1.0697777553042949,conventional
122,0.5419985162810685,0.6918026139833378,-0.005126233458028873,0.47224152984534784,conventional
123,0.10575894132330764,0.628206295667353,0.7824025977914546,1.112379056825579,conventional
124,0.20443019257903178,0.21251683999810198,0.1626020130001249,1.0537165733196088,conventional
125,0.43408648273922656,0.2368917311484594,0.6541217668173248,1.823423900228433,conventional
126,0.13638247866535008,0.0,0.3599633573823299,0.5216699145457634,conventional
127,-0.21981345040399675,0.5761402356516994,0.0519803745307825,1.465908015224848,conventional
128,-0.048710683113532716,0.7321855487988411,-0.315014756224756,1.1677992376223836,conventional
129,0.6395264011451511,0.3569667256720297,0.5633403985643533,1.3686898315194516,conventional
130,0.030335554810973525,0.38377051734015427,0.32154246701595046,0.8512841983414011,conventional
131,-0.05715579775122148,0.5751788966920657,0.7242494932199062,0.6975274922528945,conventional
132,-0.09528805042818833,0.9790690427873835,0.8301046368025486,1.2808863873073673,conventional
133,0.06165675919754768,0.4065224775433133,-0.3772896846992109,1.3595006427252316,conventional
134,0.1607402379893414,0.8829379506454067,0.07985510071579258,0.6489416094394043,conventional
135,0.32603908250944474,0.60628884988214,0.4089400136258576,0.8324335759562712,conventional
136,-0.042511914802856376,0.735653563398225,0.4988818841203201,1.2802406364055918,conventional
137,0.21071534948688436,0.38444906160064224,0.3870031918034055,1.6800538354074503,conventional
138,0.8234909252533069,0.501518840489486,0.7751210919666205,1.0124753663523556,conventional
139,0.017647323848790752,0.10714226823732242,-0.24500926046855348,0.44415867632250183,conventional
140,0.25024718307215676,0.7340639454884075,-0.036889688778806606,1.342180969281046,conventional
141,0.2371071654537239,0.383633777383862,0.32829398699995427,1.149997582035217,conventional
142,0.3305240609242923,0.5871925027364248,-0.08608566377728433,0.5637744912915259,conventional
143,0.5116209506047595,0.43837110000343893,-0.22468320622810606,0.9933334336874783,conventional
144,0.08947162332863363,0.4745900422795388,0.4658080039609135,1.2430449968628554,conventional
145,0.6763327760246822,0.40641012443206065,0.051929443771077916,1.3653527032671313,conventional
146,-0.04301202546390817,0.520718920171104,0.792083212892244,1.2195261203003027,conventional
147,-0.3008034757653855,0.026191555335620287,0.4717128599502536,1.0522955747556861,conventional
148,0.5792130950165769,0.7869308525946765,0.14385181482263015,1.3575184327637084,conventional
149,0.15977799149617886,0.22644942743497004,0.013141185625853091,1.1570880454492296,conventional
150,-0.09244983168384951,0.6262347827000073,0.15613272659534977,1.1226910088706201,conventional
151,0.08454601654016343,0.6036423503539085,-0.2568794618630296,0.6463750181724413,conventional
152,-0.358023838509746,0.014214360625720124,0.6578275863426452,0.8998267296327667,conventional
153,0.6521008538749627,0.48895030520275423,0.22839004308456046,0.6957834002782011,conventional
154,-0.29337470268370314,0.8763827062637943,0.07882475505806213,0.7160473284725173,conventional
155,0.13095429536088768,0.4783212799983045,0.3062443914905521,1.03935792979796,conventional
156,0.07284696264260357,0.0,0.36088823259990954,0.5233573755933252,conventional
157,-0.6067039912256924,0.24303748100466602,0.12532753519203,1.4249725783484752,conventional
158,0.15246617726421724,0.04171741457139416,0.14742124829343922,0.9317989920995152,conventional
159,0.20445851669541595,0.300218564250304,0.6318918366069405,1.7671781059161416,conventional
160,0.44080977534599886,0.6297428261642234,1.0,0.9768257213419645,conventional
161,0.3119678660315439,0.44914336296398316,-0.02538447388137155,1.0946442408783283,conventional
162,0.45731596055263596,0.47368705011241447,0.2603496131055456,1.2982748190220914,conventional
163,0.5087982726451987,0.2132254743938972,0.18516887703746676,1.5486628945499257,conventional
164,0.32407833535337766,0.6960412986881864,0.6102732537177468,1.3231792128022708,conventional
165,0.061353932999178906,0.40440006768511266,0.905676725728799,0.6077577555289706,conventional
166,0.9116364421385936,0.5249916689791739,-0.27548049376621536,1.091597950381892,rewetted
167,-0.28558572413337174,0.698696827683627,-0.26268594681428364,0.8734658279573002,rewetted
168,0.09181749996728683,0.8746596642979039,0.5129068354926913,0.8326289662101202,conventional
169,0.08404903900826952,0.3208445563734509,0.4798606552445993,1.076538055159651,conventional
170,-0.04521576679267303,0.6090785481293368,-0.12287382504931849,1.2605149316935351,conventional
171,-0.04149688108661573,0.39424418550457485,0.4293429547203812,1.0591870572258595,conventional
172,-0.024297510745790424,0.18423896790423266,0.006831073737769144,1.1083270440618498,conventional
173,0.1006749296333106,0.3375001489890933,0.2656562797458617,1.0479625504833878,conventional
174,0.20708621835991012,0.6489526785353206,0.40015370445396997,0.8625203330032396,conventional
175,-0.2155158288430613,0.54258203788928,0.557620119934719,0.5985842743224434,conventional
176,-0.10806615643229256,0.22530175353623874,1.0,0.6659344903779407,conventional
177,-0.2703135577747128,0.225893383104694,0.31731238695210273,0.9339573020275175,conventional
178,0.17769497779598317,0.1520971696913081,0.5867132852693411,1.3097718130284974,conventional
179,0.5099049021629078,0.0,-0.31642882093372066,1.6249495940009395,conventional
180,-0.06161108559474332,0.9700786094509697,0.47563723279421044,1.1596546268765704,conventional
181,0.40097351118615104,0.7349182771148801,-0.7441351849397435,0.7458906787317812,conventional
182,0.7236660174689153,0.7186125396103744,0.528243387418417,1.129706467376926,conventional
183,0.31564730647419903,0.7026134202541171,0.7206183608448793,0.9027543592364042,conventional
184,0.05921568489469367,0.4786143499517286,-0.5650922199355761,0.7409017424817798,conventional
185,0.5794809766050592,0.26329448750321915,0.5103468095335042,0.9869737664862674,conventional
186,0.11954091086903217,0.0,0.04193950941747543,1.5370176848074886,conventional
187,0.3009263947950002,0.5180672548809006,0.638783202221242,1.0149727466236649,conventional
188,0.3761701907173153,0.0543081012633046,0.5791473329200373,0.6003852739720186,conventional
189,-0.3559613069865006,0.442214627491677,0.5415555729638958,1.237809337159994,conventional
190,0.6800973451477375,0.0982758630737921,-0.38424592173886435,1.2100932983734043,conventional
191,0.37077925816546786,0.28360742579997644,-0.03372283340110699,0.8083615136792768,conventional
192,0.8163004709057804,0.2685987790890345,0.350952378488414,0.8657258128049097,conventional
193,1.0,0.6078109402129559,-0.3252962864696642,1.158743042077579,conventional
194,0.8036099288530956,0.0,-0.03808922539504517,0.380427057734151,conventional
195,0.32574601203035713,0.40307521223014126,0.40497939010555023,1.1624812800545063,conventional
196,0.07634479832801788,0.06310536705693442,0.6943688060826796,0.6032922578407189,conventional
197,-0.3555147989573389,0.18368894956988324,0.10805848773020499,0.771260235515207,conventional
198,0.13770283063190603,0.257357851768287,0.4512404956643555,1.420033104542899,conventional
199,0.2671135251007906,0.42009053856771494,0.6656195542345174,1.3115842740466124,rewetted
200,0.2653758241441736,0.1724955288459317,0.5825910112539592,0.9398264274655497,conventional
201,0.20531076553386474,0.32663989856002573,0.2723353257132786,0.8279829981996615,conventional
202,-0.05790252726203077,0.7224663828854081,0.4176205644144896,1.2631197714455986,conventional
203,0.0641308360582532,0.09853823957353086,0.4479138858816431,1.0454218104132025,conventional
204,0.6786093162246212,0.7910270977856252,0.22378738802389114,1.2214013455540067,conventional
205,0.2175469051277581,0.07735161073013624,-0.40679128199020537,0.5593076935244731,conventional
206,0.19377271291343376,0.7256585390756729,-0.3382174396571313,0.8250501284939238,conventional
207,0.16169968066207036,0.7038579648033991,-0.21412481095939656,1.3988667774647972,conventional
208,0.1696576966491276,0.5272617266081225,0.5968238727258832,0.8660241349883748,conventional
209,0.15950809555551912,0.16907389513015095,0.7462850792979623,1.5906282277321349,conventional
210,0.7731858708953554,0.5953375591626728,-0.05100915543481943,1.257491320924994,conventional
211,0.06385710180908061,0.0,0.2565837360907399,0.8330359446285535,conventional
212,-0.008176561981901892,0.16256066694324597,-0.333471060614073,1.1975849132109089,conventional
213,0.36179589552382807,0.32613523481924206,0.3520183107639045,0.668414412529904,conventional
214,-0.1899994128020791,0.5417508647944802,0.28073447585961336,0.9609569834793231,conventional
215,0.1277044787341297,0.4661552310628219,-0.11523894912558136,0.6081779684754591,conventional
216,0.2822828523769168,0.42146095373650805,0.7916115006841615,1.0251160986973322,conventional
217,0.46783011770626004,0.5025330813860829,0.42607319359733,1.1380322647339434,conventional
218,0.15447990987335924,0.3829498132691094,-0.19937347966533353,0.6274989045709828,conventional
219,0.04635143506940584,0.620240435593945,0.09092941296642196,0.9261456137941404,conventional
220,0.27996437198342844,0.6444383512896671,0.15214743764314662,0.9961163071127834,conventional
221,0.05740804947369163,0.5315783737915648,0.2102564727917136,0.9577723723753088,conventional
222,-0.44012150359568164,0.384008458495182,0.49790754348039723,0.867283256136573,conventional
223,0.5480128507045097,0.4461551997036852,0.8361202777931158,1.2845998131235343,conventional
224,0.20275915682128204,0.5594000696668721,-0.26013729384189826,0.6779161062083329,conventional
225,0.6164628183008434,0.09120241910437565,0.5745036878491979,1.2249585891031574,conventional
226,0.19945523343473315,0.3429200609169294,0.03187412859036404,1.0843226913943738,rewetted
227,0.7838647383667465,0.0,0.5576639766217257,0.4080951098956008,conventional
228,1.0,0.3630128104349767,0.5103040130575481,1.0984569333687404,conventional
229,-0.051910788731183544,0.17074252779937774,0.2633411136938451,0.47201919841265816,conventional
230,0.4527198460145924,0.41991322885346205,0.08351434871577623,0.916506720329153,conventional
231,-0.1168368547162898,0.0,0.21455921313045406,1.84501617719105,conventional
232,0.2536536524727829,0.3544195432623127,-0.14531474564606933,0.9412431992701363,conventional
233,-0.05450748023840912,0.7851761640496899,0.9513702107062361,0.834518127030036,conventional
234,0.16575054501857375,0.4919068226449983,0.23044047265424733,0.7720644639550317,conventional
235,0.5393906425004505,0.0,0.25610356849914284,0.7737961703683999,conventional
236,0.5858890678423164,0.205100612630921,0.24465317515403145,0.609826802782572,conventional
237,0.4014331841506252,0.7024318854130687,0.6845253318387929,0.7010196133233235,conventional
238,0.1866196236919982,0.6018780340602309,0.8181637758379188,1.3218537413101417,conventional
239,0.6282641148606285,0.3136491397333881,0.4070461462139783,1.143404441939801,conventional
240,0.8692626705276518,0.0,0.19135811036346756,0.8942603219845763,conventional
241,0.25424782820409103,0.5907693523578239,0.2543572285317254,1.1238904820055307,conventional
242,0.7055259633237538,0.4512971735745074,0.9193770521691758,0.7618858691217026,conventional
243,0.08710345681751419,0.6237700148273525,0.0707893561712252,0.7665761052765411,conventional
244,0.7345913494892813,0.6584644253056149,0.8058823287299883,0.903579470492564,conventional
245,-0.06560120678710024,0.17067394858710258,0.22940376134275484,1.0671824559553926,conventional
246,0.5568009745884877,0.4764477824411819,0.5543356223575215,0.6515496769732982,conventional
247,0.783371448800338,0.6935245649072664,0.3929010230013008,0.8359217795062119,conventional
248,0.07477086868323685,0.0,0.19061052189573843,1.3053354581506191,conventional
249,0.04281374806123853,0.29648234367948606,0.229203133259185,0.45213869054860245,conventional
250,-0.022636336656248507,0.46015402159740304,0.07785778917184391,0.7235597889499208,conventional
251,-0.008547203278028465,0.211105561828591,1.0,1.366348721224392,conventional
252,0.2733417950583781,0.0,-0.1094569691586581,0.6314093086182009,conventional
253,-0.04105372705318078,0.4852279034020247,0.1920461982758463,1.4171978973779746,conventional
254,0.1619997647910782,0.8932097855666216,-0.39461465334479734,0.9312650289221354,conventional
255,-0.0030316410446725728,0.600949611446943,-0.21485269684957592,1.2615944096083644,conventional
256,-0.5157161092963085,0.0,0.48094057586613936,1.4749929318110364,conventional
257,-0.1855797017351482,0.23081999410271423,0.8064875848499162,0.7784714519325351,conventional
258,0.03689922448970326,0.17855062606533414,0.22584489887703502,0.7409170961322731,conventional
259,0.6176555996498667,0.09082528886517793,0.21502418450705468,1.000588607101178,conventional
260,-0.17301549770044938,0.4192457083514066,0.128041257231533,0.6560636447290327,conventional
261,0.18764124790435208,0.7488151816389123,0.4796573661082054,1.2404370495678252,conventional
262,-0.2609332452192964,0.4880729233291352,0.637247700880662,1.3035415041778722,conventional
263,0.08521318001148659,0.2306910550425119,0.30056854201273797,1.371721862882669,conventional
264,0.5037168036132935,0.6108720298704401,0.581326068769461,1.6001771986050768,conventional
265,0.3157433760903309,0.4691381220687235,0.2652106157220228,0.7418226104215264,conventional
266,0.2570701633261445,0.5420876972158348,0.25788931275668436,1.0095442268763453,conventional
267,0.04993646819756631,0.2910096992482149,0.4374049504110088,1.2491367559168052,conventional
268,0.5378742774521795,0.7430308233196257,0.08178107160359693,0.28151054893063,conventional
269,0.3403921356960241,0.19139687434355743,-0.09656527833307649,0.6221050555226548,conventional
270,-0.13301155740672643,0.4742179451291857,-0.0838436941201533,0.8913612829616613,conventional
271,0.5926392279746355,0.9147471785663402,-0.47133572352015024,0.9568246616654189,conventional
272,0.15439119310916458,0.4577802579046284,0.9090605367802167,0.9437116258777908,conventional
273,-0.073638313755859,0.4636220225558042,0.13598681348702185,0.3220360733349453,conventional
274,0.7182071014831308,0.3365028958764157,-0.216346919489605,0.9819044253771659,conventional
275,-0.15468410680158595,0.6230041227259998,0.6232569829882304,0.9759578112551266,conventional
276,0.13787451325329042,0.49930935848711383,0.15187116609225443,1.2369675719635296,conventional
277,0.39522696744191416,0.09452267145944415,0.5259709527340476,1.0030912836564374,rewetted
278,0.4846539844571928,0.10950507142399951,-0.12344780773415392,1.1431387924404315,conventional
279,0.13522167598873708,0.3016595133880479,-0.005756393619102629,0.9546007680495112,conventional
280,0.5236890699453804,0.7552873071366977,0.6771686703067259,0.8492747567475583,conventional
281,0.37566964342163833,0.7293551093831157,0.3936046317608307,0.8505530375113314,conventional
282,0.697352939911021,0.5369637894574223,-0.01158172461564383,0.9863467569601625,conventional
283,0.4563060016403615,0.22551607998672613,0.2014675092459825,1.2755561749154143,conventional
284,0.35985786757962007,0.46700823945239933,0.5227588776177176,1.1226512421887258,conventional
285,0.6681228779963363,0.7080696991083064,0.4905508693359019,0.9611915439412889,conventional
286,-0.05359631848394081,0.5260592393070577,0.4828073032334491,1.0301812458102417,conventional
287,-0.13971242703497705,0.11343536186060538,0.38563386826706797,1.6682423425093118,conventional
288,0.029375344765116967,0.8655775786508795,0.21593069555405664,1.078001719263227,conventional
289,0.6511906758745307,0.6843610896817565,0.6708579039301725,0.6166583462103532,conventional
290,0.20936910212196239,0.09341382167508949,0.18155985602523078,0.9650398779064729,conventional
291,0.5751191609069787,0.976592160751194,0.5487221128576713,1.2050777990651487,conventional
292,0.10800761630611802,0.6915601370047544,-0.021579132014541758,1.404068671789257,rewetted
293,-0.41864297824080815,0.34914236071448695,-0.37688641610592505,1.2935599043706714,conventional
294,0.09945424945410312,0.4933712542225726,-0.16222530631113347,1.164870291131024,conventional
295,0.3505328913752003,0.7336133877093878,0.3105805467060393,1.2336255899950226,conventional
296,-0.07435506718348922,0.34773801463098536,0.9290957502283865,1.3081439590779345,conventional
297,-0.04895435819949301,0.5667677114605671,0.718087825341982,0.5629680480851063,conventional
298,0.7278076317481841,0.5915298094721183,0.18455789677263665,1.0544970337139743,conventional
299,-0.6171366966136611,0.6454722612658053,0.1567999766298442,0.8975585452252833,conventional
300,-0.38605943667825443,0.0,0.03673380844657198,0.5036661103343085,conventional
301,-0.1764958523517175,0.685574301096626,0.283507038463512,1.3846180750480463,conventional
302,0.27508310712412015,0.4601524657117286,0.2637230272218183,0.9293563865024679,conventional
303,0.17766467817998438,0.3289545666878628,0.6283486111492322,0.8994987791586951,conventional
304,0.16328895026323137,0.21048978531664678,0.4100724847267492,1.2848392493262533,conventional
305,1.0,0.6078695171290966,0.709391607207724,1.297705064789328,rewetted
306,-0.0832762079256284,0.43956886181950494,0.4727168848300805,1.2295150467462044,conventional
307,0.053503651332692026,0.0,0.12340270736317036,0.8364701722296985,conventional
308,0.11701705411504315,0.10235029779304505,0.3237356017392636,1.0671358899523538,conventional
309,0.8108596174283367,0.0,0.4694832777893251,1.2071669181025095,conventional
310,0.5478471647153613,0.6869612603238252,0.4839966171174183,1.1272791093465744,conventional
311,0.6370206244322848,0.3734793062329826,0.21491821199479227,1.2324119784633283,conventional
312,0.3977228866852277,0.8938461130395519,0.40717347360864165,1.1709566900964314,conventional
313,0.6294221105435261,0.5752544437637838,0.2784147691129432,0.7414312747890541,conventional
314,0.3216061161223762,0.402286674274705,0.4634763106365275,1.3690134098605333,conventional
315,0.21167832425246233,0.5860534657857221,0.23612500862591812,0.8069798021975768,conventional
316,0.22888968462720033,0.37579651084626015,0.3881638530596655,0.6798106960407697,conventional
317,0.4200472072564204,0.22416693327427734,0.5699925425713552,0.955790546246503,conventional
318,-0.06562623258336275,0.31268266392104593,0.36656645484429207,0.427972872053366,conventional
319,0.27175035244781354,0.2849903037829172,0.1332845257624343,1.1049509393281025,conventional
320,0.42934246694156386,0.5567754024029994,0.01705258968360146,0.8946501722382768,conventional
321,0.15228716197994588,0.8028410469334744,0.0012347311754020707,1.0622092131292225,conventional
322,-0.19501327852410433,0.7963487860863605,0.14123185769924446,1.0742790594468021,conventional
323,0.76424225044884,0.2113361263234992,-0.27348355418418796,0.948032139126777,conventional
324,0.6738035196999332,0.3650113944169847,-0.14616349136574291,0.3316695196191336,conventional
325,0.4118884870681341,0.3129611362919274,0.5107994229108055,1.1695480559230187,conventional
326,0.07751027074204145,0.0,0.5223301706715514,1.3361266886841328,conventional
327,0.22584585785144537,0.6035898493967539,0.27041948642424707,1.0676319773951204,conventional
328,0.21032059082492163,0.5148818785662295,0.08331261114707947,1.1669391719716204,conventional
329,0.10830520650073565,0.3886365337846918,0.4857014379802608,1.054804421801224,conventional
330,0.37123249424646343,0.6736957171885916,0.14415741624309886,0.9713814365389082,conventional
331,0.4671016772317798,0.0,0.6649497170402756,1.3186337771549845,conventional
332,0.11913626289787925,0.30725093167483164,0.17879079032107426,0.9329637764076198,conventional
333,-0.5001367489487956,0.4096338909212748,0.4873310735143082,1.4123040591541418,conventional
334,0.510966085226606,0.5840366577313836,0.32905468246458947,0.47157596030336746,conventional
335,0.05716551621207175,0.0,0.4511941482949766,1.321891476522252,conventional
336,-0.14284283990538327,0.26527519818125744,0.5807244047317326,1.0431285163930528,conventional
337,0.5567931524561447,0.4026557778581287,0.47029907605441545,1.3372231816875695,conventional
338,0.5701497998185296,0.0,0.08765273753733466,0.9393929166811344,conventional
339,-0.1613361794289544,0.4827353580559987,0.43380095000845986,1.0450358418723475,conventional
340,0.13320970664748066,0.0,0.8985736459415998,1.1809060739282196,conventional
341,0.3446467655167029,0.8145472814977199,0.11604118416375564,1.144700253291777,rewetted
342,0.27308081127193795,0.3469953779500083,0.29456460336521106,0.7212675060967884,conventional
343,-0.03544244185870213,0.2820493968870002,0.05809644517992607,0.6497936425603401,conventional
344,-0.36460996745276103,0.0,0.7410355778984953,1.0592685689595118,conventional
345,-0.09762133261513412,0.18325366346312671,-0.17103826573312897,0.7238303865686689,conventional
346,3.7327382928720176e-05,0.19424655550938505,0.49436268502316427,1.3829483206330682,conventional
347,0.06112028343413484,0.6547504978252457,-0.1265201346768206,1.1017871041172782,rewetted
348,0.43455615312556845,0.6767094855950972,0.3854921275464811,0.8601075638081905,conventional
349,0.2841328367466829,0.9944043135990993,0.14859511170260795,1.2034929829603183,conventional
350,0.27394055074645074,0.6030517005975081,0.2866096759130038,0.9901487739738406,conventional
351,0.3523973232411529,0.49288527800217546,0.23461538922623976,1.3744323050695768,rewetted
352,-0.0818332684116948,0.2397883330030554,1.0,0.6697965397433832,conventional
353,0.3081896547017405,0.25959124928538935,0.04798433110112715,1.1420059302499412,conventional
354,0.8425069686272302,0.7879712019326242,0.12716795705200604,0.9754985822435708,conventional
355,-0.44406581034556475,0.0,0.06262249811667586,1.0326104545469168,rewetted
356,0.4492115489539624,0.3651955242523319,0.8056208405975276,0.9287257683737071,conventional
357,0.9011662011241754,0.19787056889930033,0.6203075715369017,1.0123946230773142,conventional
358,-0.2837577819743577,0.13861093135095165,0.16530297994938573,0.9616988054607585,conventional
359,0.24250533071823654,0.29844273666994015,0.33267272093383593,1.0837529928359877,conventional
360,0.6523913108448984,0.4472089406882305,0.6756201079525441,1.072420433055717,conventional
361,0.29669719966268077,0.10969591425162922,-0.03962609784631488,1.3601267278866431,conventional
362,0.3431379431977054,0.35013663707573744,-0.46561441213396065,1.0565067865330706,conventional
363,0.35013240272584745,1.0106069459428801,0.7223540299680083,0.5971879083211562,conventional
364,-0.0937024449244453,0.2989823332527694,0.194113289834973,1.2674240045886123,conventional
365,0.036532179674087534,0.027512066445958827,0.36662119277673905,0.8068914780800984,conventional
366,-0.009530505875992579,0.20848035298233175,0.4145788220912727,1.0882723727836403,rewetted
367,0.10035654633892091,0.3081466072158113,0.2722318775971307,1.153912241515284,conventional
368,-0.06495985632999257,0.48028501976700344,0.5956653874218738,0.7821298891373698,conventional
369,0.33563947392207316,0.29175885307829225,0.29984178784326315,1.2054408459920691,conventional
370,0.38890024735557976,0.0,-0.08866910267806266,1.006713740395844,conventional
371,0.7817625135802946,0.591210347885718,0.2637856759004402,0.9718317395983861,conventional
372,0.19738128411872166,0.28271473420746096,-0.07081885994470766,0.724231391535326,conventional
373,0.12162943958846142,0.5960032311994149,0.1705019148308212,0.9817063851374798,conventional
374,0.5926236903861426,0.21718478883595368,0.5841401100317299,1.0222536672511238,conventional
375,0.11049404658157219,0.6644709817658193,0.12922397054407672,0.7910419508968243,conventional
376,0.4959355869233324,0.7736569310627655,0.09250385463307098,0.6360096766050486,conventional
377,0.4150666495918435,0.16060451049536062,0.3434956983056652,0.5769839647069945,conventional
378,0.16670050414599213,0.4789003954712023,0.10179252653636717,0.8371852250629264,conventional
379,0.1785195064939027,0.5983642182794279,0.6142463567452437,1.144806085210762,conventional
380,-0.08668423132583819,0.3743735176002662,0.9255797232182987,1.2461384087972152,conventional
381,0.4125679656694252,0.8756529927252514,0.5789116526977285,1.4339196076904934,conventional
382,0.10963138196296639,0.263841196772007,0.4333963903673423,0.8372362839177813,conventional
383,0.16316136752279026,0.5606449986650925,0.25647556057960297,1.430794918633036,conventional
384,0.12793589395115956,0.33487748448243,0.20328781472314278,1.2740074794279226,conventional
385,0.5275189701394329,0.7346287532936466,0.35549455865762986,0.8573539736858242,rewetted
386,-0.19204797117390915,0.6207536066928152,0.18849311527845264,1.3381641559267603,conventional
387,0.18580759279201453,0.6689054362281548,1.0,1.0836602012324497,conventional
388,0.5714761951944705,0.2568093488117835,0.185943342633273,0.4038467853911023,conventional
389,-0.6640933681635544,0.13231817726057227,1.0,0.9446551750675084,conventional
390,0.002596584693763032,0.42002079087932676,0.2824851712484313,1.3807378585357772,conventional
391,-0.08949131817514022,0.6430006342087764,0.2795934972821657,1.0392944687425025,conventional
392,0.003126167806461466,0.8002337822825785,0.4816659417916571,0.7152163959030837,conventional
393,0.4975195298915037,0.5121118039732648,0.25105367637917303,1.0470877134658478,conventional
394,-0.12304068504152305,0.29468614449948577,-0.2836919914432022,1.148911975539942,conventional
395,0.028732366026605782,0.1489381795366551,0.33200132064525234,0.8287630886696838,conventional
396,0.017325145997603042,0.20753454925393885,0.575232724535931,0.7582682813918318,conventional
397,0.20187107019558287,0.4064686883055656,0.4953314870398381,1.3360634179175885,rewetted
398,-0.10189966958531727,0.6244553157407988,0.118761767559135,1.0039331477462852,rewetted
399,-0.4534596021004375,0.5024827353677058,0.42247679979917563,0.8329330585669332,conventional
400,0.2613625700585566,0.32640323721874503,0.4287900317181865,1.3084380770061093,conventional
401,-0.035355960716053514,0.1429666463634599,-0.17098094395605218,0.8867141162692684,conventional
402,0.5460246388652097,0.7441370853935706,0.44063704422867955,1.3136029477106912,conventional
403,0.8423469700869399,0.13076938823283368,0.40262662814542893,1.3431303658154272,conventional
404,0.38443621684056,0.5462962973802257,0.5035141883358198,0.5168396625132505,conventional
405,0.05146627793095565,0.29652510543636273,0.40641984228802674,0.7060947358617657,conventional
406,-0.47320700209595007,0.6150254797251713,0.25993107315078734,1.4475938766103984,conventional
407,0.39707068315795496,0.4235176475125754,0.6484470254036212,1.0882310273140392,conventional
408,0.4673287093014861,0.40466042548557296,0.2115604162498677,0.4595093839502219,conventional
409,0.5705696934752835,0.050506183169980734,0.27860595149011685,0.6626827354737779,conventional
410,-0.5961269916984133,0.4851224593363834,0.16294116224704472,0.7989810792985983,conventional
411,0.8838856581603753,0.46271674212171476,0.5377542511455577,0.5293429116209782,rewetted
412,0.08422531170966455,0.7287029193715295,0.5124745813511377,0.6797201660465968,conventional
413,0.7131731480639922,0.6065270793368979,0.43707195235614915,0.7469061540385602,conventional
414,0.6465415963161395,0.3133893029737064,0.16868640745046545,1.2157215912955854,conventional
415,-0.3616427318320821,0.42673815942479326,0.10514405219712927,1.242709177785873,conventional
416,-0.3861938261709506,0.4652835529537453,0.1406416857446362,1.6233516618443873,conventional
417,-0.14781940075412298,0.38316146040650756,0.1420970255424383,1.0663571877382112,conventional
418,-0.08558610710268544,0.4025493871834134,0.3031249170836716,0.5935263406314908,conventional
419,0.39072003528877386,0.21516665491451753,0.5297225615776371,1.653337445932514,conventional
420,0.2640292862883591,0.31308564695194585,-0.2563396967377875,0.9664949024866986,conventional
421,0.043436191184517914,0.913910223066591,0.21967363559416642,0.9539304267717531,conventional
422,0.0783022710323667,0.16055844634424019,0.7660829781143517,1.1498617293050737,conventional
423,0.5386311815985432,0.5774706737056752,0.6077438846492383,1.3555495288424213,conventional
424,-0.3440619349155039,0.6902508929555506,0.6068955114202021,1.3756357414135716,conventional
425,0.36998546405860844,0.5108383002508446,0.21706334723012827,1.4363539190163743,conventional
426,-0.1206956701899316,0.34416566137899085,0.41618046343206694,0.5889354731203651,conventional
427,0.475500451461362,0.2328279757179555,0.9369053177026605,1.4566063448777165,conventional
428,0.5746755252794248,0.7491869553072729,0.2816200772644982,1.6970101886313356,conventional
429,0.4887271732413477,0.8901926589854727,0.07603548767470344,0.6833814985320086,conventional
430,0.4705440760930344,0.5476013969989715,0.5738977138651511,1.0266576585802387,conventional
431,-0.17804382498997706,0.8190975452835612,0.46361103925732117,1.2328173186852027,conventional
432,0.36582532931753586,0.3934352342271034,-0.037809582963420796,0.9537813163412563,conventional
433,-0.24882097112857587,0.2265323615927183,0.3033886120768369,0.9454817053233006,conventional
434,0.4521434481617921,0.5849464977933254,0.6954208454553323,0.8822845310841302,conventional
435,-0.20765893347896008,0.06120470155467417,-0.18900223455968318,1.5158349167716572,conventional
436,0.4195070908489062,0.6633770824916825,0.7182897521610314,0.9117070790280493,conventional
437,-0.36232971935038766,0.2481879790816448,-0.2058080981308798,1.230518657500798,conventional
438,0.8856968835019803,0.5851368015393736,0.41483631634264057,1.41507914420903,rewetted
439,-0.1739539443409872,0.5702719015709582,0.9280799768023436,1.5926618240759267,conventional
440,0.5093823012521199,0.0,-0.14953347556061164,1.006552153655333,conventional
441,0.027974894744722312,0.5585451164339976,1.0,1.4966143239699283,conventional
442,0.2842288629283257,0.40864471252065077,0.5671263531835552,1.055682786353687,conventional
443,0.09468335045262312,0.1484741207332863,1.0,1.585290388795377,conventional
444,0.28310586164549156,0.6219329954875732,-0.16168912819157516,1.0089238669677498,conventional
445,0.4192920322475062,0.5863118336934554,-0.2617010261572014,0.9603801117575146,conventional
446,0.3743645278081883,0.2807058791967747,-0.04205002383149298,0.7791208871219161,conventional
447,0.36014849576894975,0.47428231453975495,0.6075308078735882,0.6515626781236965,conventional
448,-0.29732123467766775,0.29799998876849776,0.38643490924844337,1.106074761752275,conventional
449,0.4355780593322959,0.15892309593827408,-0.03875448986551683,0.9213432107628833,conventional
450,0.3703320221281273,0.4883943347691952,0.2999226306748922,1.248184064670266,rewetted
451,0.04961389770055119,0.7072364903936359,0.4331827340476498,1.219582292967113,conventional
452,0.2381725950855146,0.16920672951641058,-0.4646790762764836,1.0935368018181586,conventional
453,-0.31842874709063657,0.5704935663093259,0.5681394485396913,0.7443517003203239,conventional
454,0.1523704424907515,0.12002462840838218,0.7410586978255205,0.7590101414837498,conventional
455,-0.21810314335838432,0.711006440833247,-0.030843691580985655,0.8426040228803549,conventional
456,0.30448545629781537,0.39850262867671793,0.285573352447898,1.0604124288510068,conventional
457,1.0,0.34992230984134676,0.15229925240934733,0.9054813263170728,conventional
458,0.08951968916445868,1.0115464553207707,-0.23815316730775643,1.286156696636674,conventional
459,0.7128718811652865,0.7047285813061295,0.40091981445600733,0.6932790094216179,conventional
460,0.6748336729002566,0.0,0.5701048715587005,1.3356893350062258,conventional
461,0.02151227227578628,0.49630137371024413,0.35880994939600286,1.1252053197697707,conventional
462,0.6462443892980831,0.5165779861035577,-0.24212087180349734,0.48330816515652264,conventional
463,0.2052602953699727,0.6117482770151594,0.5143350790020568,1.2001911821032676,conventional
464,-0.18107441374854683,0.52013452568016,0.8100559283870921,0.958567829226138,conventional
465,0.6125300741476898,0.876860050561312,0.3777105185802287,1.3033223235129179,conventional
466,0.6893830890628061,0.48014907955828956,0.18464230148000782,0.9411664970830232,conventional
467,0.30504537512767166,0.0,0.17083970294209694,0.9110710577758755,conventional
468,0.6085298940560984,0.46964321176066504,0.2773047663870034,1.0537888570569616,conventional
469,0.46271364538110493,0.3114163503924167,0.5169058277421366,1.023148673676177,conventional
470,0.34443517080949293,0.24979068449871866,1.0,1.0641558339893884,conventional
471,-0.0999125486923163,0.7260472663999569,0.6308404790937714,0.8775272906222428,conventional
472,0.46878015836067227,0.3580798589125021,0.10597818374551393,1.0166654550432457,rewetted
473,0.03401336874752112,0.557233017195299,0.38384057606206007,0.942421055766356,conventional
474,0.24058122927101439,0.6987340599629583,0.6549001405347312,1.0331638784438444,conventional
475,0.7374923326970511,0.6337152579182415,0.02834247061772105,0.9872943966429611,conventional
476,-0.25482204233057315,0.29052295307637105,0.7459817774228041,0.9534673047025904,conventional
477,-0.47656290776016214,0.21873802427018882,0.2517544115893392,0.6215689339477695,conventional
478,0.006523222045630078,0.6618486855272362,0.24046410063613205,0.7327079092142044,conventional
479,-0.3553987433229023,0.6348990691369287,0.5391908312747016,1.2963387740995245,conventional
480,-0.1667538317919781,0.5213444122775366,0.17034653586310305,1.2066291286559094,conventional
481,0.8807963737716111,0.18985248030662405,0.2672236833530137,0.3820280651915978,conventional
482,0.7144399312416616,0.21313275446815458,0.6588393723878114,0.8924132602490532,conventional
483,0.2792883142798189,0.4770154411607582,0.15121715018170476,0.845522422153963,conventional
484,0.3417411701640918,0.30714096706054705,0.04726816403938405,1.625364886439609,conventional
485,0.4427469161109929,0.5500548788610441,0.4309464928314911,1.4492036877373424,conventional
486,0.11207383599728284,0.3411221908140568,0.6763722435695969,0.7637888434349858,conventional
487,0.5429764992869222,0.4596379788436154,0.02300852354031646,0.9743030512939741,conventional
488,0.8551160292951292,0.4586508140616507,0.6867670921431184,0.8008368357310881,conventional
489,0.4966161387559848,0.23814917146564515,0.0380268155939234,1.0261793868384965,conventional
490,-0.08659790133322187,0.1680316014170097,0.1110769032704717,1.032882613521959,conventional
491,-0.1797762461335139,0.20159679378127857,0.5123926256232855,0.5791350924884047,conventional
492,-0.16914229774532707,0.20609674542844786,0.23947102265092202,0.9519146952715904,conventional
493,0.5477219791178345,0.13523025122694105,0.212046512447486,0.8188137655123564,rewetted
494,0.4253507028778176,0.7304851887366798,-0.1536592072330918,0.8781367212514171,conventional
495,0.15926042623219275,0.4237681364616616,0.37410571491119465,1.382532272052447,conventional
496,-0.6120603051242999,0.4430547212846044,0.5898411099349632,1.4356175635610084,conventional
497,0.357821371463925,0.08961049460084963,0.3391092736614446,1.3196933130688895,conventional
498,0.3312202132975486,0.22375013698306073,0.07580815825807807,0.8170054695314146,conventional
499,0.18998851654228208,0.19964890154800766,1.0,0.5660825678100645,conventional
500,0.19135032035539595,0.13740879228096503,0.631365202708345,0.7953556086057625,conventional
501,0.04047724741568254,0.6014326421655305,0.9207836978952155,0.7219362892483956,conventional
502,1.0,0.6110799675223326,0.11790294396247122,0.9275086399394313,conventional
503,0.18137909980108113,0.33520993855412673,0.2612956087111492,1.0218504571435392,conventional
504,1.0,0.6248085040251282,0.35823763960638905,0.6883297790625409,conventional
505,1.0,0.40367242356274885,-0.3059113300511305,1.0351580687848376,conventional
506,-0.6010485522904154,0.35352079584182683,0.40295450862960214,0.9831723977886747,conventional
507,-0.07616739543971696,0.6625305689397034,0.15204600078630573,0.815498360985018,conventional
508,-0.049477141293607,0.4182334970726861,0.26034814561741726,1.1031039791062105,conventional
509,0.5321144526703607,0.6082107184191088,-0.0009798194501947077,0.8144822475858686,conventional
510,-0.3937450483934655,0.6126367860088767,0.4483537123089635,0.9281487018988493,conventional
511,0.013104247957350046,0.05510168207469179,0.43004260272220696,0.7308832406575111,conventional
512,0.7730237978424384,0.4101747803734473,0.02954096400861783,0.9825220779717757,conventional
513,0.3728806781622739,0.6086018704663239,0.3965630123409553,1.2372496703804465,conventional
514,0.3800645820725257,0.11233062794309734,0.20019712498498304,1.137501588729696,conventional
515,0.33954199023439857,0.4333439619638874,0.2980476168546074,1.1808714619523848,conventional
516,-0.6134458967036598,0.6331914539582629,0.08583370207241928,1.3322509193523893,conventional
517,0.4533303163941578,0.12429487086928748,-0.1111834094396133,1.4217267332276344,rewetted
518,-0.3613008688678823,0.793962367781839,-0.005990125554086623,0.7341741298258619,conventional
519,0.7558438334209905,0.14749547254129325,-0.1334167291888349,1.0261975430844699,rewetted
520,-0.305269614841218,0.828336457306918,0.096243491665958,1.0691964617850753,conventional
521,-0.058762058231120906,0.2633596867030048,0.09365318766765168,1.3741611251945693,conventional
522,-0.3513392356391381,0.6980997492638281,0.4750456701754382,1.0013889702465202,conventional
523,-0.022453427103691942,0.3702838423686052,0.19904376565636672,1.040485384596452,rewetted
524,-0.1407771232680904,0.0981367269823119,0.9159216452637695,0.22244784771203296,conventional
525,0.428043954287342,0.2782690317983687,0.8575047837668839,1.3523724279578093,conventional
526,0.3467230464307349,0.4820901743459956,0.4489229938151833,0.8218778596898638,conventional
527,0.33822031859227475,0.38857914777459035,0.3102137554896223,0.7326412230167894,conventional
528,0.29388165620658213,0.5469727215057187,0.45268662881997823,1.0734194632920468,conventional
529,0.048158080535437214,0.3069972351129553,0.2438206316582704,0.9765733208124248,conventional
530,0.40775911804283677,0.29077644861162005,0.21628246429989387,0.9907888084641892,conventional
531,0.022816947378265617,0.3157384353949687,0.1313308103585069,0.8483445628970343,conventional
532,-0.2306408166296276,0.34551087410411735,0.2599861125357512,0.9486545750226865,conventional
533,0.35365211145649156,0.08702723059784728,0.6592078199671709,1.8941564120292376,conventional
534,-0.15131019777499477,0.1867937376677876,0.5888048038869085,0.7834166219039447,conventional
535,0.1609705978311444,0.19508782792700846,0.9083448356441763,1.3985440842694965,conventional
536,0.26416052229041,0.25906957109746537,0.5583354514322498,1.3740848187149584,conventional
537,-0.10545335148425589,0.7607456375799249,0.5391452566614556,0.3237277464510745,conventional
538,0.2228956421631733,0.5564115601728736,-0.48453437090732704,0.8983431843270193,conventional
539,-0.25675468358773457,0.7047608703987702,0.6973156534437799,0.8581765780260875,conventional
540,0.5230372158817213,0.16043296481877928,-0.1980560515240286,1.2031073683436042,conventional
541,-0.18829908377276589,0.20632429171806768,0.15077420999766042,0.31106950930040145,conventional
542,0.25634213593371663,0.4500242338886496,0.7078484232685016,0.593118754541911,conventional
543,0.1681366083797977,0.46479236040642347,0.73896916935076,1.2514903510947946,conventional
544,0.19305179328012442,0.4197851439124331,0.1879639138124243,0.38679646135407797,conventional
545,0.34853402193776717,0.5989590273311121,0.4025949524447378,1.2044314080361178,rewetted
546,-0.4021585997304264,0.4515455791345759,-0.10210071688967437,1.0174882624528643,conventional
547,0.1265712042720354,0.33326878432545237,0.07106897051753705,1.0017233596578456,conventional
548,0.32314785736526663,1.0485467580764243,0.0003117364423471103,1.3292603208563167,conventional
549,-0.06306979001642282,0.6695787729616586,0.0871719371796306,0.9734237294270985,conventional
550,-0.11084740372249413,0.35896310690865646,0.19978022587788286,0.9284748641374699,conventional
551,0.47727409191687215,0.4391442536116046,0.3451987393759206,0.811048352498025,rewetted
552,0.5912526091957189,0.6694610495657966,0.45161938574597726,0.7069097713813444,conventional
553,0.7268785328001262,0.7989978101828754,0.556929927555492,0.8121426570706253,conventional
554,0.42649187070997474,0.783478181805342,0.19284833797859596,1.22963209661127,conventional
555,-0.3216018716964318,0.6180558167147623,1.0,0.6517278260211194,conventional
556,0.47627413390778944,0.46424738247996566,0.7664480439329899,1.1296503180583473,conventional
557,0.30373659248687845,0.6045047962377833,0.002914139854084119,1.0952222408206234,conventional
558,0.5991990139019783,0.997295832802711,0.10738408775032615,0.9459137627928212,conventional
559,0.39553360042163643,0.19231361665047053,-0.042232216449566595,0.7258930074177907,conventional
560,0.5458612556795295,1.1177181599595132,0.5651188118427934,0.6138160864316744,rewetted
561,0.2984901833723819,0.6566110773413636,-0.4913308718993143,1.0316247093594744,conventional
562,-0.436527082402344,0.6471738980789958,0.2746008615179758,0.7080196740147529,conventional
563,-0.3332454502365492,0.6115804873153642,0.23508482640886624,1.3513851876559597,conventional
564,-0.32913082895444684,0.40998815970166197,0.21367116382172469,0.8828085301831913,conventional
565,-1.0,0.4738182887722,0.8213815695625966,0.9167058391609803,conventional
566,-0.11471696368021317,0.9112118385978726,0.4221792819904198,0.9309494406686729,conventional
567,0.26907510078205427,0.4571015116705039,0.03777888021568221,0.8248716977418958,conventional
568,0.08421153625257097,0.6101011446748776,-0.039948539896447255,1.3184455603772955,conventional
569,-0.2502154443656363,0.22982012608686883,0.3858760935897851,1.4217806153628891,conventional
570,0.2507013952762286,0.5792355326139216,-0.1814691787242685,1.0780254446839883,conventional
571,0.07060366128666717,0.5818112044755406,0.1504761149605308,1.3559393610271275,conventional
572,0.3685696182378709,0.8726538107312196,0.4837312187680316,0.7352473322219841,conventional
573,0.2787231864743532,0.45265552726561165,-0.30157782620562185,1.618771760376573,conventional
574,-0.11495170194239285,0.2966994976421979,0.8758990044161941,0.6357307101568759,conventional
575,0.6312560535339833,0.14465555268128266,0.3414292437000298,1.2057449866905288,conventional
576,0.06433798955063613,0.5825715838818946,-0.27120602537974864,0.3735147994280612,conventional
577,-0.07605953102944923,0.3569683103414911,0.4181900921402778,0.8317508946361685,conventional
578,0.3117085751521654,0.5636463201034174,0.9364090654837538,0.8879777701022133,conventional
579,0.14643271658928436,0.08959461609041486,1.0,0.9697661934533517,conventional
580,-0.16421686334761848,0.2846022116323609,0.1776134509570108,0.670518078513195,conventional
581,-0.08361529900479586,0.5201034212443559,0.3863438262340196,1.275185749968911,conventional
582,0.16426545604826961,0.6581199561693032,0.37942177958391504,1.2219208492988367,conventional
583,-0.1356237668402625,0.18844796270503,0.7142269881989665,0.9141552199886713,conventional
584,0.2885456717975524,0.386325687820842,0.12393472059328917,0.6054320044391512,rewetted
585,-0.12160648245806971,0.5441151801883042,1.0,1.0273631511442396,conventional
586,-0.5463292264588515,0.6382090603160225,0.6180135670070412,0.8650326642025292,conventional
587,0.2079875607904093,0.22006178097431045,0.5833117294228639,0.8362096360701653,conventional
588,0.7661505408681981,0.13760124860983786,-0.0590764452836518,0.9119337714038288,conventional
589,0.15561412515165343,0.29641794541438554,-0.13096306945645758,1.2546523533565077,conventional
590,-1.0,0.6172325597989484,0.5968591919921454,0.9071590980897876,conventional
591,0.8254839176621203,0.1685723081546578,0.3324595474052675,0.8059254185141527,conventional
592,0.37258913079548395,0.17219809547288809,0.9847466892097521,0.9666071370923858,conventional
593,-0.07298934925771133,0.3016448722696329,0.49910706191752324,1.097650697509371,conventional
594,0.38307636868911626,0.2969508153061276,0.5103033066456564,0.8785044076524622,conventional
595,0.19628900133898386,0.2964324170331823,0.33140654255782753,1.2818154631529406,conventional
596,0.22191978086449735,0.0019435530885745234,0.629849884132619,1.4808998842954884,conventional
597,-0.2751326560990562,0.3128550428028076,0.20428356421173366,1.1979149241104459,conventional
598,-0.10110304961864752,0.016793997962320395,-0.3083685896568034,0.24412494122924644,conventional
599,0.7110125694812752,0.2814407643140582,0.26258160801917085,1.0832628441512113,conventional
600,0.14517345615271113,0.43027605683037046,0.26356011085398445,0.9590083399362892,conventional
601,0.3300101284281579,0.0,0.23015427950410655,0.9335866358452266,conventional
602,0.3645849420755257,0.8918188450841482,0.7758367645533728,0.8114056714922775,conventional
603,0.7084176291858819,0.0,-0.20692761553634914,0.9222342653502074,conventional
604,-0.08647812222258883,0.4846583652224342,-0.08615396032070238,1.0698956243535653,conventional
605,-0.2925279629450537,0.6376703192228712,0.6603051990494408,1.1586106593296654,conventional
606,0.32145193649721804,0.48905490061972406,0.10372564952365618,1.2172735783493889,conventional
607,0.4188900917236019,0.6720072916882757,0.13898382718667712,0.8755472996418237,conventional
608,0.29479140744126286,0.24997334603180568,-0.04674801454182037,0.9094308534902491,conventional
609,0.009706727311095509,0.3204863383910814,0.52478235324511,1.5664438780933418,conventional
610,0.31242714626847096,0.8139320723228576,-0.14440555119744025,1.174541849712252,conventional
611,-0.35093889730260924,0.9886729444182918,0.5063734043605369,1.014156547045709,conventional
612,-0.5273818837221769,0.011029397538252272,0.2801303146137266,0.7934846326220495,conventional
613,0.23579128161748147,0.6071198539351848,0.5301518244037504,1.4259952420089976,conventional
614,1.0,0.5873018504248306,0.3466828921417348,1.0879614210049084,conventional
615,-0.09591382324946279,0.0,0.8378206910517658,1.2975412779364883,conventional
616,0.4744384770532432,0.5314040051256776,0.7038225637202327,1.1514683805172168,conventional
617,-0.22655281687059592,0.046699483814576226,-0.24801373707083824,1.2221045389693261,conventional
618,0.45716809497686145,0.46605586221361356,0.6708891771026544,0.5115518605699884,conventional
619,0.2995034280456971,0.44537101441179533,-0.4294668572696542,0.8326836320504276,conventional
620,-0.637652448371429,0.3519058683966038,0.535094824193427,1.292800838381834,conventional
621,-0.428463631245352,0.7597012215199861,-0.01566499238680613,0.837515381242142,conventional
622,0.10777277926836663,0.12245325232673848,-0.02491611959572637,1.3964539138231253,conventional
623,0.3534794416511089,0.2725734542811705,0.5876162089713528,1.0965091482995117,conventional
624,0.10876186193084939,0.0,0.8530724333677873,0.8119563432516029,conventional
625,-0.12223836658207615,0.4891260693779907,0.24316554695877401,1.8177423609852117,conventional
626,0.061541099512136294,0.47022118094601223,0.2161236983700336,0.5451678938229778,conventional
627,-0.059595774282189096,0.1983987953748814,0.7558073189638395,1.015738793467006,conventional
628,0.5144706316187668,0.3811634049610498,-0.12565187771757436,0.9500600288029258,conventional
629,0.324152906734793,0.5876554030907276,0.15203472417248867,0.6838285346794395,conventional
630,0.35362955067286084,0.5142619650772001,0.11978798306200736,0.8002783121606373,conventional
631,-0.06640780511371586,0.6134045811129809,0.037226614666569124,1.4844976413124757,conventional
632,0.20130883660395998,0.19108131434829181,0.7094128676312482,1.027534504583299,conventional
633,0.4892287458058093,0.8927428594893758,0.7218634642246007,0.5527476470572086,conventional
634,0.03783605905316195,0.43396286716030763,0.6848290014360754,0.5400705055551466,conventional
635,0.17210174382831037,0.8805997079531577,0.2669696446457827,0.7206423403656286,conventional
636,0.38818487209566194,0.6287608073659405,-0.0584054270146625,1.0931354846736177,conventional
637,0.38697936571752756,0.05124595832131634,0.07609378491381008,0.7999768088739138,conventional
638,0.40055776767617723,0.08684530395751866,-0.2659810211055084,1.3513572411923498,conventional
639,-0.6927267258458838,0.24153649465018615,0.5826885697517226,0.9484401394062688,conventional
640,0.16249138209761704,0.5434855730044941,0.5700065010218467,0.5718795615118603,conventional
641,-0.1467572132355217,0.4166122843436086,0.25175497840531524,1.3821508633547386,conventional
642,-0.08180043147923982,0.0,0.01659804211925603,1.0277024886231774,conventional
643,-0.4854408562229862,0.376411724581895,0.32201324444293944,0.949784425188484,conventional
644,0.16945031831250518,0.3000038868232596,0.10347071438812205,1.2951037924836983,conventional
645,-0.2601431000437154,0.17463142510478774,0.7735954568234154,1.19246444521989,conventional
646,0.16858230259755647,0.04055012516615042,0.06854207865143153,1.312746602717937,conventional
647,-0.12101126308015714,0.04826632847501011,0.4855869677970646,0.9210900744982247,conventional
648,0.5217481005632436,0.6025368347712557,0.20154124250079444,1.0114235598858863,conventional
649,0.40274043047680375,0.004008669121469188,0.5133601103604126,1.3799930300506076,conventional
650,-0.09011471697824147,0.3783582360166664,0.36225321150733614,1.4139948024698792,conventional
651,0.1300556568178742,0.2821515097653704,0.10355246955472983,0.9290465105712433,rewetted
652,0.6383320491117316,0.42766005293366244,0.14661734174487379,1.2551900488528465,conventional
653,0.23734841913726895,0.34671164930261567,-0.1739599921745097,1.3557154477346762,conventional
654,-0.1456742053947344,0.26383254279877894,0.008907465304021756,0.5828729408654463,conventional
655,1.0,0.34684895255817877,0.10487960288538356,0.7631424706633598,conventional
656,0.06974215788760257,0.5218728571712216,0.4537138065050571,0.4466535864259903,conventional
657,-0.1758816182027248,0.3841887692270448,-0.5700479620174796,0.6364972045312163,conventional
658,0.08925468093693399,0.24675999360106562,0.19646576651729908,1.624655879595917,conventional
659,0.3701704768182706,0.3246789176030045,0.4234289851167911,0.5556397130038327,conventional
660,-0.0268236943241692,0.5870587995971733,-0.2754288619447242,1.0086517988232626,conventional
661,-0.374029149791059,0.1299932969633935,0.46174112026861547,1.0724101767077174,conventional
662,0.3844266115442744,0.30190083617976254,0.07019776311946838,1.2467126980889542,conventional
663,0.3182896049964334,0.29377402065892133,-0.06019470767646917,0.29136455008020246,conventional
664,0.05469640209129517,0.44022735851598055,0.02437271162967869,1.2623196631292204,conventional
665,0.209128568462836,0.5324261352292619,-0.4354817728112163,0.9790378835117154,conventional
666,0.22711496065388384,0.2843216281291641,0.3221728561187436,1.4320283982713173,conventional
667,0.16287609696622302,0.4677585721076903,0.24223512352277893,1.2889852012823635,conventional
668,0.7674247655872644,0.25555136133975775,-0.2999168712767805,1.3587374593659423,conventional
669,-0.24189357656755717,0.5052797263412999,-0.0074451959552512825,1.0237976819993047,conventional
670,-0.15460570514143807,0.36659488832644493,0.22995139483958593,1.0822540514128385,conventional
671,0.5524516560527756,0.6029084158585226,0.30591614085129726,1.1020414298517012,conventional
672,-0.07398278272603637,0.30382165851333526,0.7411450572984375,1.405551874654207,conventional
673,-0.11559703862423754,0.09258618451282313,0.5429282875258592,1.1052609031356002,conventional
674,-0.1257452030756046,0.5542597170003408,-0.15492293557779635,0.8814766086420458,conventional
675,-0.07349974011944027,0.37411141815023713,0.2524493425306996,1.0676101329008758,conventional
676,-0.141801988672835,0.18596509725501506,0.7054637084128292,0.9411536451985204,conventional
677,0.2290218419469955,0.8661892738805385,-0.3562101561176519,0.8496347112597769,conventional
678,0.0889224121524684,0.0,0.035130434949192824,1.4506101097444848,conventional
679,0.18898657773418032,0.6274221032184749,0.22834213555794342,1.25155905457004,conventional
680,0.08954379584533745,0.19898231505117628,-0.11439433042819824,1.429654347185231,conventional
681,0.11164986905128875,0.14711228229278994,0.2838297443071997,1.3417908296802354,conventional
682,0.9217330335913185,0.28172187952550476,0.013775547087409301,0.8171113523153211,conventional
683,0.6080203034768743,0.0,-0.0667702422165829,0.5412200218985672,conventional
684,0.08456673999797702,1.0175053978755053,0.7688498907570593,1.1902246296682817,conventional
685,0.23448835564235893,0.42007452752230034,0.11698186420799483,0.8959183426500041,conventional
686,0.20152291467333264,0.27176194168804046,0.40425137445740056,0.9014252973981834,conventional
687,0.04224540272775976,0.07896490559988018,0.04611550802343917,1.0090982765090182,conventional
688,-0.04998351566637618,1.037561739142502,0.08263533357020642,1.2361803523028445,conventional
689,0.46823568090639694,0.0,0.40801312779056753,1.0376487600913407,conventional
690,-0.6409886962333566,0.5158287435460868,0.6393082044563128,0.7520798836910148,conventional
691,0.42316516591861864,0.09570814768600822,0.2364619584640144,0.9747073361835498,conventional
692,-0.21828792291564197,0.2965731528905783,0.7132206232565934,0.906603709161833,conventional
693,0.5005922432283678,0.6557726658919671,0.381408438490026,1.146401913161973,conventional
694,0.2426661239388493,0.2655049855913627,0.22324017566099422,0.719744237928837,conventional
695,0.21708074552359977,0.33844815351513374,0.47123800410469086,1.2481381830953482,conventional
696,0.022827562143645258,0.558182416403869,-0.03542399687395803,0.9729387081357143,conventional
697,-0.3389562264532178,0.2976433859323412,0.27098805013279265,1.269912566157264,conventional
698,0.19266421505248046,0.7866885939555279,0.3409712814498548,0.4224473344129519,conventional
699,0.016380383918985497,0.5907201616990085,0.46512560934655384,1.0648604502508594,conventional
700,0.4902986763711915,0.4140477661508124,1.0,0.8396866002851741,conventional
701,0.5634091081981729,0.5959940003068667,0.517793288604003,1.1750515829279666,conventional
702,0.510823908113023,0.16569875215416882,-0.04820190779566075,1.0041977993396385,rewetted
703,-0.11376404525549744,0.6171761435885164,0.6410335308575785,0.9004645044609324,conventional
704,-0.20492091954618197,0.8011598052054358,-0.21617887506472938,0.8580271628063587,conventional
705,0.36643284082736727,0.0,0.5512474686794182,0.861129801675077,conventional
706,0.00418677069409501,0.25620857791432916,0.7686803773094315,1.2520414391098964,conventional
707,-0.09163929051854708,0.0,1.0,1.176350736623583,conventional
708,0.46326564800006,0.41057993031234463,0.1413901806669099,1.0544808821266707,conventional
709,0.43271859611705765,0.4419638860640776,0.2480922665769131,1.158893197726107,conventional
710,0.328359472857191,0.6200409943196543,0.11504013433939103,1.0921923534512337,conventional
711,0.41907491914289524,0.40199919499579484,0.31977647567468015,0.6409059296154695,conventional
712,0.1108854145814262,0.8511613588571608,0.7350805264000331,1.0041356298811364,conventional
713,0.426956351357891,0.28142369412413415,0.7947794174500932,1.3911354994655443,conventional
714,0.6966667829753714,0.9278888885138363,0.7914969221591744,1.4329384946327326,conventional
715,-0.7364625877265203,0.20989882463456838,0.44044786441578987,1.3493309455406775,conventional
716,0.5634123879829517,0.0,-0.2280208028536152,0.6140792650283944,conventional
717,0.5409465308800758,0.09653717189914712,0.2869471751422317,0.6954313626221202,conventional
718,0.791410963044721,0.4763842445580278,-0.17257661671495433,1.3689939932424486,conventional
719,0.5592802114042605,0.23903351760700492,0.3718042136356785,0.38331168145589434,conventional
720,0.11970699905998114,0.3806717089915352,0.0702216399989384,1.1430562761935656,conventional
721,0.2569398560437038,0.2359741865176891,0.2722401756867592,0.941985886460231,conventional
722,0.2706684543266453,0.5505321691476419,0.9614302270017974,1.2794744114177752,conventional
723,0.8420816042061965,0.5091106023045602,0.4081400996574454,1.36470804133962,conventional
724,0.03674387867369644,0.6087434948919731,0.003664661458049445,1.2149376578467734,conventional
725,-0.09584472398629879,0.46245300710178083,0.34163404544743053,1.496016708498145,conventional
726,0.17403474744415315,0.36201558506822745,0.3286605761407677,1.1013398246776631,conventional
727,0.05883582590528877,0.5849497891406955,0.5300012876857119,0.9530680652083179,conventional
728,-0.2639182149523229,0.32562071498662293,0.6139419868056246,1.1737550591266264,rewetted
729,-0.6555184437021002,0.31325122347162315,0.11188252907272087,0.9020920668853717,conventional
730,-0.5100509268775026,0.4223230096546043,0.48823748753945667,0.5908773490431356,conventional
731,0.4167973914865493,0.06872395975708889,0.15046145310764825,1.0998476117415046,conventional
732,0.7155781505121632,0.10211913485372442,0.3357529484575325,1.5779225989630596,conventional
733,0.1661797246523335,0.19393310651010684,0.41032265519194944,1.2193760955499138,conventional
734,0.2178791884194716,0.2003608733994875,0.5314183777677685,1.1958082178410423,conventional
735,-0.19380525784363506,0.8596112950970205,0.127425560120083,1.3814868807864498,conventional
736,0.32997502689847924,0.562583004298923,0.515328505819771,1.2999076383071348,conventional
737,0.22918622747489392,0.623689052172578,0.3415688392781452,0.9375597713405639,conventional
738,-0.4859301890029066,0.19504167949521703,0.43832008991487303,1.1182776060907322,rewetted
739,0.19631455176339752,0.5625607421529148,0.4090833974963518,0.7740453297164889,conventional
740,-0.36825273737738556,0.3139219931260701,0.21561820273567447,0.9609732809984923,conventional
741,0.2285260583238026,0.41683143716252646,0.10289871616763041,0.4498217076548823,conventional
742,0.4716071180358111,0.2709744135110037,0.15184304934210696,1.0313170748029554,conventional
743,0.5377766170970861,0.285556012289614,-0.15215486452264415,1.1261608718854408,conventional
744,0.023402588644050953,0.05336723672645227,0.6211854512762127,1.66241919688752,conventional
745,0.2545118355621852,0.28432620285413535,0.9630408294413575,0.8128810994345164,conventional
746,0.4443872570805587,0.3042183985118164,-0.07923131460937866,0.8152904007999897,conventional
747,0.7251589137976151,0.23541095740124918,0.27991063646818404,0.5817145189793316,conventional
748,-0.09351826573617189,0.41071139678740953,0.007784660111641917,1.1989549390178473,conventional
749,-0.010986960063468637,0.5623448971707389,-0.015421849078683214,0.45405982414948043,conventional
750,-0.0008378151121067601,0.19656403288199575,0.12011037870109978,1.1961357075344643,conventional
751,0.5953709864481124,0.529648131642203,-0.24871112541959622,1.0987481778299697,conventional
752,1.0,0.030443263927576625,0.04656273735387817,1.3128677967011926,conventional
753,-0.1976803710555407,1.052324825016184,0.6970800760086402,1.1742486341254503,conventional
754,0.08784287953273136,0.8919756614393408,0.43994067614616816,0.5213068786292671,conventional
755,0.12003567738502006,0.5227520175784371,0.46371837187926124,1.637845210244711,conventional
756,0.24054640413119957,0.3918957845958363,0.5093738911731197,1.4347319743456048,conventional
757,0.4038140706480956,0.20278291158678796,0.7347097382841865,0.3370223492845489,conventional
758,0.21077106013356736,0.4361264333572429,0.3681804435121101,1.5157679037847416,conventional
759,0.3228930299582987,0.12193069772598297,-0.11948488764809401,0.5546480216055607,conventional
760,0.2923909858683811,0.20610878342210548,0.7073745840818837,1.3479213581571445,conventional
761,-0.72686368784622,0.3604721517512584,0.29582338809683273,1.0654325551226456,conventional
762,-0.02999053684621783,0.3913170547557459,0.43073610336185164,0.9602174766727339,conventional
763,0.8036576670968394,0.29723972773274476,0.43066251461031524,1.050891440676911,conventional
764,0.7803542260741545,0.6800815754239702,0.47742979417992204,1.1318281893306996,conventional
765,0.34849203343678836,0.0855570563702498,0.5262471141773621,1.070748479092449,conventional
766,0.6869699630311258,0.006600713156550864,0.04665753271205786,1.1526334959433524,conventional
767,-0.04813023326185045,0.6078724650361124,0.5328528840162212,0.40002720755173504,conventional
768,0.7714130657601135,0.2302251205512784,-0.35086597791249924,0.9899428195420025,conventional
769,0.026769582397879965,0.0,-0.3515751880800369,0.8955496207326925,conventional
770,0.3877602503863916,0.5878794123923494,0.21855705637005973,1.2288243507219603,conventional
771,-0.32868498782871675,0.4829475846689246,0.6004353869302024,1.038946219291457,conventional
772,0.8935453716693629,0.14557701875306206,0.4781003559100824,0.699617364802043,conventional
773,0.14060491123855987,0.536137217655007,-0.2032646708798092,1.3245506600525654,conventional
774,0.026558860822699593,0.44984320077949236,0.16373438201699025,0.7802285275460864,conventional
775,0.48374494449054734,0.30737656543458747,0.47440040173604164,1.4825512554053235,conventional
776,-0.17615774370252263,0.5550962864599732,0.5250746668612575,1.2464320620653426,conventional
777,0.3985765437910095,0.3193790223216568,0.7328550309555012,0.8648548236890222,rewetted
778,0.01648828460639873,0.0,0.10001673522232535,0.8210265637401152,conventional
779,0.3629246872160222,0.6118918661767304,1.0,0.3388882579188739,conventional
780,0.3566987172913163,0.17280935289743748,-0.13127220889125546,1.0986911297825985,conventional
781,1.0,0.24239440687872743,0.726389249578603,1.5427718291437373,conventional
782,-0.07878190866043872,0.8202902432473249,0.7383498017656505,1.2929636484469151,conventional
783,0.3589904463873097,0.7577884182954779,0.41222357156224226,1.502110650557723,conventional
784,0.027231056759339872,0.5113596448970512,0.4707469340766167,0.7971812026549192,conventional
785,0.49477128360292216,0.28370093628150495,0.40583863008488763,1.1486032544299318,rewetted
786,0.1402222068376334,0.40912686745582166,0.622590591774077,0.7941336835114883,conventional
787,0.5808158156029245,0.215701916466666,0.12324714089341193,1.3116368027948517,conventional
788,0.44826828830073945,0.6197639350398494,0.41514415643404334,1.0878864486713484,conventional
789,0.10605727342197202,0.9203206085586423,0.42180787773556155,1.2275617741173794,conventional
790,-0.07345783533455685,0.4634807821268149,0.9365130396833505,0.7788661801722617,rewetted
791,0.07472197038863784,1.0328289721206394,-0.15347974398948644,1.0392235568091757,conventional
792,0.252204012291075,0.33519755805252727,0.5420735510920529,1.2865439471455753,conventional
793,0.28200439686826506,0.6197099486648704,0.20549942453976766,0.9792886463743876,conventional
794,1.0,0.22636639885185234,0.25187243443568796,1.4085918344398196,conventional
795,0.4805694896687916,0.58869040464399,0.5418617458232263,1.289314225295008,conventional
796,0.2145150135691818,0.7461371581590857,-0.21369608746957075,1.1422444347272542,conventional
797,0.6108446048230887,0.6387419569722902,-0.005814149968191296,0.9955149605404321,conventional
798,0.27057923796935857,0.23008572868825056,0.055377909745130904,0.7888924160166526,conventional
799,0.13799612877821466,0.5613417196467246,0.5997732434991729,1.0249616919323643,conventional
800,-0.234408515161509,0.9020036205802493,0.0852991822347032,1.7543235433751416,conventional
801,-0.13612117140075458,0.35619399968614907,-0.1721490892294545,0.7791761415839913,conventional
802,0.4715268206973576,0.27796540951847476,-0.5028016552216912,1.3342546710209477,conventional
803,-0.1551942296944413,0.24648428320842505,0.14086570078845356,0.5431720998106347,conventional
804,0.3658946006736601,0.6289210934850309,1.0,0.8423452785410819,conventional
805,0.4232184291988026,0.27681710777918933,-0.428405575570647,1.1443696365358615,conventional
806,-0.42278696016123013,0.18414793822420622,0.605151499540401,1.4268250673068792,rewetted
807,-0.0918623105453234,0.16896922535528347,0.45715193452625213,1.4354248347081788,conventional
808,0.4318247992025793,0.003857028705975707,0.6502167913596937,1.5281496770761538,conventional
809,0.018452612126353046,0.0,-0.23723456403388726,1.1043264658462444,conventional
810,0.19286094111775023,0.0,0.547990640328293,0.9293700260689529,conventional
811,-0.03150023019737641,0.15876805837493307,0.41916341439793775,1.6035379586398664,conventional
812,0.37821422523421555,0.7390789808551108,0.3107065060992756,0.5156952006060698,conventional
813,0.0860831093039223,0.5157116807263981,0.5857300756625641,0.38297461945455646,conventional
814,0.7036164630240189,1.127174542407019,0.6560578755189009,1.2998101426006834,conventional
815,0.1287778671208216,0.031045730628260992,1.0,0.7426150845927757,conventional
816,0.08863669097442672,0.6714262298746357,1.0,1.1367427258276288,conventional
817,0.4278324532401126,0.1618581395440596,0.05774698268611636,0.5459139714528891,conventional
818,0.05686107472099308,0.42641141759329737,0.08539614909905902,1.15246034771423,conventional
819,0.5913665779958721,0.7319491113753551,0.1485400650926688,1.4867280546978388,conventional
820,-0.3641142701025503,0.4260410877399218,-0.16512895979319675,0.9843862803316142,conventional
821,-0.05562181462059146,0.5594357200449569,-0.18183606301208172,0.637203838162441,conventional
822,0.0479692726189285,0.8292335630822641,0.18896098877977088,0.8573586338731797,conventional
823,0.4789142462233908,0.07137735125247963,-0.10439829782819687,1.1123699374113318,conventional
824,-0.20467128897885434,0.34813065175305213,0.6644084040770313,0.7709219748535019,conventional
825,0.508480952201013,0.0,0.6048297048374,1.3628467407407867,conventional
826,-0.25457802715243444,0.8193753375858608,-0.30513100985606983,0.9286466748019864,conventional
827,-0.10514149963932523,0.30689834414086786,0.09364826972917686,0.8591651757470656,conventional
828,0.17190907144155912,0.5231639880177886,0.20677679309747576,1.5436855679436117,conventional
829,-0.46368850608516504,0.3958830427849659,-0.4267232416199383,0.9731836688593115,conventional
830,0.19621446485672614,0.520818932075949,0.29701081007205077,1.149953435242834,conventional
831,0.7429753856113146,0.2769885494405143,0.5639788644490485,0.9480933465575638,conventional
832,0.6497572150780512,0.7055795859209423,0.4523049391906129,0.8015267599708832,conventional
833,0.7578055470696681,0.3908775897220569,-0.1578444623332001,0.9181196343668583,conventional
834,0.4158127550566788,0.2438119994617081,0.11875469967719057,0.81064073898315,conventional
835,0.04457711104918857,0.3570677616188072,0.565576968016348,0.7333334601709063,conventional
836,0.8128968306474331,0.7905898629861732,0.39904399439028976,1.2559846061145956,conventional
837,-0.21614204832993728,0.5194710637089147,0.22478921197670054,1.1748078552117778,conventional
838,0.4406461016852409,0.0,0.35842202944743845,1.187411969473782,conventional
839,0.1945384526054901,0.17195062349873114,-0.019845737491398396,1.460979457671161,conventional
840,0.20038154909993217,0.2999956757492609,0.15485896815935893,0.8989144329136741,conventional
841,0.2772349607114473,0.2962718434268453,-0.20997932406464476,1.5198424543701974,conventional
842,0.382480786153666,0.3939633619095211,0.5517246401337456,1.4114608939133493,conventional
843,-0.3255036542306629,0.5774991947327012,0.49814885162348993,1.0836321895878027,conventional
844,0.45141227794411354,0.40741683503580245,0.502015194527601,1.4037087844831087,conventional
845,0.03694285102219988,0.014420959998934335,-0.3088111128904965,1.346548772170918,conventional
846,0.47377032316193435,0.35418972129471155,0.32360071388421985,0.6535042830618469,conventional
847,0.004520808456009107,0.578170891300815,0.48021952533439627,0.7955640693288691,conventional
848,-0.014451454166106992,0.45070863744977574,0.8110495221415908,0.9415451874972095,conventional
849,0.050494697765330665,0.5561177667675941,0.5836732569333135,1.326201748618796,conventional
850,-0.23508840651751756,0.4276063584925924,0.1720573257976149,1.1618155233717258,conventional
851,-0.7656690074267365,0.3300862744067404,0.18924794797914185,0.6385215758705769,conventional
852,-0.22032027382698804,0.4226482183161838,0.20081976209913216,0.8009552751141876,conventional
853,-0.19745810190977398,0.0,0.2917913732326828,1.0684269345835857,conventional
854,0.15958545726631818,0.5061212125366086,0.30890334868462993,1.265548544735367,conventional
855,0.27233928089343645,0.33369776066583595,0.39068276894581855,0.9683098962001822,conventional
856,0.13077073105405543,0.3808107711482871,0.15560844731668497,1.074519879361615,conventional
857,-0.26911744704537377,0.0,-0.164126696554817,0.2,conventional
858,-0.6744948232356589,0.30411139819877187,0.042378910182582774,0.9183373153377429,conventional
859,-0.8086034143998666,0.3062392186605456,0.21718026863886752,1.225298854876837,rewetted
860,-0.40374979957498675,0.4670378494228412,-0.14882991195646506,0.8030326352671467,conventional
861,0.19009490150371364,0.027094968016521892,0.5811728164510157,1.3472446630344144,conventional
862,0.027422162968432,0.08149153193498893,-0.13968926760896488,0.8964783586351006,conventional
863,-0.09091049166337106,0.9867896256797304,0.3027107521933125,0.8712517096580779,conventional
864,0.7246841898846703,0.42612846534685983,0.4416608612975459,1.1001899253953218,conventional
865,0.5002433330384362,0.47780748693180525,0.2795714787854048,1.2531815285543408,conventional
866,0.49518329785996873,0.0,0.6117613064299976,0.6831924773252798,conventional
867,0.11598879143751438,0.3035652608631032,0.9745345469065576,1.3125679320399375,conventional
868,0.33947147584438203,0.49653505629672257,0.3675852124495719,0.9601992274347193,conventional
869,0.09970143151633339,0.39947615575821827,0.01682055200094501,1.6049902634880435,rewetted
870,0.37900159614105944,0.7371582582848939,0.7220505678925587,0.9051033606625988,conventional
871,0.24868737722364107,0.7121881339221939,0.4368244642168035,1.2259220647274203,conventional
872,-0.041726031821767096,0.5806431602950715,0.3617717751539372,0.8046057847521751,conventional
873,0.4940691014453165,0.48313759950795643,0.2739864543134567,1.0765086079613442,conventional
874,0.3762603842733552,0.6007768211810087,0.31742249782290427,0.9936856880296527,conventional
875,0.09991134337626091,0.04188389398413239,0.20709894658806527,0.9856517082487005,conventional
876,0.32991108962879234,0.15335260697431533,0.3784932266509522,1.0830833146603005,conventional
877,0.32623310094167346,0.7271561522283667,0.579166070966005,0.9205586385789708,conventional
878,0.2835130853337774,0.03412002289016203,-0.1298249740543213,0.43920201752579535,conventional
879,0.1986098563504028,0.0,0.2919070819076815,1.4243256873246697,conventional
880,0.13437059792431766,0.9087141610025359,0.6900455535951351,1.1822804936572817,conventional
881,0.46949641167057576,0.6118596727343731,0.7710865862285933,0.7473805257060608,conventional
882,-0.26413627816108576,0.4111703160503665,0.3068508629603462,1.072777442295213,conventional
883,-0.6427649496322942,0.21380629433463444,0.2288158710049471,0.759206353407742,rewetted
884,0.4611105530062455,0.33543089232619033,0.020760773441379443,1.1107668103231512,conventional
885,0.065330029303202,0.3113052993555985,0.6201700812159912,1.192039289944745,conventional
886,0.2877948075504205,0.5505882438561688,0.3869394872962228,0.5139722799858946,conventional
887,0.266961497626225,0.3397821772579218,0.7241145975172166,1.1587404839620665,conventional
888,-0.1029376841263609,0.2189259070210229,-0.011861232399349109,1.4622233176980748,conventional
889,0.05016919017099286,0.6064446281585405,-0.5744032497699627,0.6375584575613364,conventional
890,0.12928651375054145,0.40117629657568743,0.6108688522056553,1.4176766129294343,conventional
891,-0.24292358485053406,0.6924048839550272,-0.09916811583672236,0.852319107655841,conventional
892,0.008681897059699684,0.42113104997820455,0.3441221840470853,0.5658182792814499,conventional
893,0.3845603262073189,0.35394147613959837,0.5879544618976595,0.6171704383577287,conventional
894,0.181185113680916,0.48170911407357325,0.13833797037349715,0.9601768648343991,conventional
895,0.4599199792608466,0.5756802367108255,0.31280390093977245,1.186299518659089,conventional
896,-0.2765368853845536,0.6243379794109911,-0.04206088673377184,0.3870905701963967,conventional
897,-0.5046929409555307,0.6315362732355202,0.550652651501794,1.2988309124793513,conventional
898,0.24045044889927492,0.3297234907914294,0.5415514878104583,0.8314646672119322,conventional
899,-0.10306834994503294,0.20919627847427957,0.4492170673589664,0.843238603515531,conventional
900,0.2301776184019299,0.7094302835108826,-0.058171516608435725,1.0581555779253948,conventional
901,0.21928327236121112,0.15791203879195287,0.1935793586541181,0.5026966711264641,conventional
902,0.460332979270364,0.3936180267054476,0.19849998969257332,0.8426221453888008,conventional
903,0.3075442111465978,0.6749908996879646,0.38816502163406236,1.0209451090013437,conventional
904,0.36588676807685316,0.0,-0.11615389139255067,1.0814788467471592,conventional
905,0.5890776267859552,0.7623032148122149,0.6334558562925039,1.0087446451296302,conventional
906,0.12360338666024484,0.26666236092944895,0.2421517712962181,0.9736025672124725,conventional
907,0.18377996417370762,0.20482457720094355,0.7633654746265632,1.1254353473692538,conventional
908,0.358344686771185,0.5024702057479675,0.48950264357705975,0.6515921768095382,conventional
909,0.25216384515113704,0.41600002784795315,0.5407116929747563,1.1483091677515105,conventional
910,0.41188549980404854,0.7709869824712967,0.50259043891198,0.9895624927961526,conventional
911,0.3591946535146212,0.40316624620881625,0.6713487343453245,0.8609544137483582,conventional
912,-0.03490477645943277,0.5756584657982686,0.2356990949291626,1.227348944719709,conventional
913,0.23677785024213063,0.5058337676647049,0.09735176122582212,0.8129187140301299,conventional
914,0.034020070455913376,0.6856809842060858,0.47654637714560255,1.4754215216983522,conventional
915,-0.05425979421646343,0.234023325281028,0.003500093183505637,1.0442505594185927,conventional
916,0.13779110324548877,0.4213550117741815,0.4969114143675714,0.7363313781250562,conventional
917,0.5149210302860443,0.25983120253710046,0.48296880613635135,1.479396938971804,conventional
918,0.5817074190169766,0.24831684261099715,0.2749436553068307,0.9103246516519532,conventional
919,0.1620762006436771,0.7766133673567756,0.6741353444232587,1.3749155919033975,conventional
920,0.1979253471376887,0.373144112741857,-0.14200254828433428,1.2185815348830875,conventional
921,-0.5775926099465905,0.5788425849904403,-0.03457749519896647,0.5999533730617557,conventional
922,0.09404407685899273,0.39663392099237,0.4704984341631797,0.6416396344198505,conventional
923,0.5525494594505543,0.12509680624886332,0.1932000703099192,1.103915468612601,conventional
924,-0.120392893540954,0.42840442075581053,0.7764576742199705,1.1953930202811731,conventional
925,-0.1909801554764895,0.5475239492783129,0.24932057579353895,0.7640674321734332,conventional
926,0.13595303142910753,0.13685592800281365,-0.04766154070821621,0.9533975631854438,conventional
927,0.5911794043949112,0.40470185121902685,0.12883021546795995,1.1121156998883386,conventional
928,0.03591308906491278,0.6770062826978132,0.9828780328639211,0.820842803517088,conventional
929,0.9085292935307852,0.3437398332564115,0.6032782721205767,1.0078711910184386,conventional
930,0.19193009717354576,0.14567553470600658,0.5612764819573752,1.0526138767659203,conventional
931,0.7310721080320042,0.17898550485193662,0.4392914757537043,1.0949639682981196,conventional
932,-0.12828819444156347,0.5748763435105566,0.5969775032799147,0.6484815681409706,rewetted
933,-0.09904070789254404,0.35192843396938867,0.9433462264676078,0.4624821262120836,conventional
934,0.35876818249656706,0.3913371288141052,0.8180847129710267,0.6903866633095483,conventional
935,0.11775083211710932,0.21486610812453832,0.15173896182960658,0.862323172806939,conventional
936,-0.06264607963414776,0.6398536703172482,0.04606900787489576,0.8419900737278831,rewetted
937,-0.08993627453211217,0.22253197460292892,-0.27112424947025854,1.336487772432235,conventional
938,0.7448064639443557,0.5934535357843763,0.6852208750437835,0.8393965727721375,conventional
939,0.5059048967123226,0.30810550517191604,0.41692314851698414,1.221321505876627,conventional
940,0.29669372379061487,0.7561995855818633,0.7951540029817818,1.3428800232039466,conventional
941,0.5399293271724601,0.2262371457740816,0.24662341423466205,1.071497539072845,conventional
942,-0.03848013089357569,0.29221984462514794,-0.0807648478855108,0.657629605339725,conventional
943,0.5976363962871167,0.5470620461388507,0.4276866820207103,1.4848093880532205,conventional
944,0.3688214833367975,0.6409193203965543,0.5009493410193593,1.1121374448301613,conventional
945,-0.1640910050555352,0.34623447371564775,-0.2100817695258716,1.2266162327329841,conventional
946,0.41747543770356943,0.1797178165076531,0.48600351830525523,1.1697032012916388,conventional
947,-0.1596494455460602,0.32776629069213936,-0.37704212683729327,0.9783878787419659,conventional
948,0.22594768839143475,0.6102447677063998,0.2702131349203984,1.5246769924076111,conventional
949,0.7577611225324308,0.39041179123734354,0.3510703191241663,0.8374765319183666,conventional
950,0.28143425495606555,0.3166751231682655,0.495127417900433,1.0999707703330694,conventional
951,0.2693870736824484,0.4853009785302728,0.27884123906712854,1.5207092944746305,conventional
952,0.6111567176032526,0.3188445231388891,0.7307696112295727,0.6908318870630923,conventional
953,0.32501219217478394,0.11768453253367628,0.30278788390427896,1.032535909523092,conventional
954,-0.34602969585886595,0.6231582421021403,0.3792364988101048,1.05187330521165,conventional
955,0.18446365147965768,0.9371218020751324,0.1518207823172156,1.332380155821931,conventional
956,0.10662433234838205,0.39286364552300584,-0.017454386349035678,0.8613526022230271,conventional
957,-0.053885504736714496,0.34423991940527104,-0.11261867325355779,0.7825031324558632,conventional
958,0.14721599637534918,0.6493819793867874,0.08698041622524946,1.1638824715925804,conventional
959,0.2897894390901905,0.6123057059277967,0.1601766240984462,1.1977414653561835,conventional
960,0.07697756315954174,0.6081381054540852,0.23568038798567217,0.9329398192995629,conventional
961,-0.10062898080822252,0.646272074964111,0.2479681811124182,0.5465042557938427,conventional
962,0.06661930517437939,0.35052001944990535,0.21433628414232903,1.1882885688937475,conventional
963,0.010003937825726367,0.6152393690108501,0.18707663144953895,0.8825563866623506,conventional
964,0.3407767227333825,0.5077760501065954,0.46655009271553416,1.0935725893485506,conventional
965,0.004862080846431055,0.04780779727236856,0.598693693715389,1.0952815943796554,conventional
966,0.41531001100025167,0.520784010755743,0.2647321529071454,1.180356911595251,conventional
967,0.16891825394738785,0.22661320349901481,0.8051033343076488,0.8153856120608813,conventional
968,0.5525784049711674,0.5408563706579296,0.15644206841539737,1.10620990621968,conventional
969,0.2684484836393553,0.0,0.12899252476867973,1.029782119535421,conventional
970,0.7123664989457326,0.08637072581195726,0.1466663304670533,1.4345620530854155,conventional
971,-0.40023410534983966,0.4986252817118752,0.4694095287207166,0.7715067825267868,conventional
972,-0.2174825549442776,0.42296727707946546,0.4038165807134307,0.6336970672526872,conventional
973,0.2869995808230226,0.21819527076499645,0.6242818918126896,1.2257236245336425,conventional
974,0.5619960920020997,0.4748914128662029,0.6007090732865678,1.030745474229959,conventional
975,0.571318355674526,0.3441462544305101,0.22704115778914288,0.7930120186099225,rewetted
976,0.07291310718480229,0.39021523581488676,0.31234309585784265,1.224719643747125,conventional
977,0.6287492203281959,0.41081509803298294,0.4233786917182685,1.7177117463786953,conventional
978,0.6021807686118572,0.3048644331866459,0.526818690299436,0.8469839322361774,conventional
979,0.8005478536312265,0.5394914081503028,0.5455071421716509,0.890845329348228,conventional
980,0.21599518002086465,0.34485599399183847,0.07428545003907652,1.5330268515739705,conventional
981,0.30773098506823043,0.5306034116316782,-0.15793534936486286,1.4171005620374926,conventional
982,0.25845791142564134,0.6249485504674115,-0.010409639629617329,1.1665422969054542,conventional
983,0.011066312080838497,0.04164434903303793,0.1633929702959426,1.5203963293001386,conventional
984,-0.4870281663703418,0.1618660043888179,0.6088816922462372,1.5178456092604011,conventional
985,0.2624821462559069,0.7413572560992474,0.254209616443762,0.934961579195724,conventional
986,0.5881603666732684,0.31607540709076937,0.30321173006486096,1.0827470535061634,conventional
987,-0.16442404958505386,0.0,0.20212745130430967,1.1280477977098256,conventional
988,0.06669937364405545,0.3673815396034248,1.0,0.49102201398669454,conventional
989,0.6093103520099521,0.25860160300950996,0.39004194276294757,0.5170971312315473,conventional
990,0.16241279554115057,0.45623460288010137,-0.14350304706887668,1.0501636825438379,conventional
991,0.4706205319019314,0.15847325545847088,0.5421306177574231,0.6102020972123466,conventional
992,0.5077258630688563,0.10304980648029582,-0.03369661857454598,1.493716828584257,conventional
993,0.26610734963059096,0.08336628107384708,1.0,0.6882631267467498,conventional
994,0.25145470246624435,0.5866168009666289,0.21960385255553225,0.7426068319759065,conventional
995,0.07878576144020562,0.4060532148753213,0.0681356847269341,1.4136020787254908,conventional
996,0.38911502977933343,0.45703323401286416,0.9546589584551628,1.633877721844344,rewetted
997,0.2178112724959943,0.2669403252051996,0.0406494684498207,1.1314245641593557,conventional
998,-0.027859911877862936,0.49819775144531026,0.7556352772833101,0.5970349265723742,conventional
999,0.2378974927393555,0.6371694439142093,0.1594765931980703,1.4052297035501846,conventional
